conference,Aggression/Conflict,Competitive Glory,Institutional Pride,Pageantry/Spectacle,Tradition/Legacy,Unity/Brotherhood,score_aggression,score_unity,score_tradition,score_pageantry,score_institutional,score_competitive_glory
ACC,0.35714285714285715,0.0,0.07142857142857142,0.14285714285714285,0.42857142857142855,0.0,2.204857373980816,0.747682976217213,1.8598944565240798,1.1257593973257334,1.3626003743179818,0.14249234831171734
Big 12,0.7,0.0,0.1,0.0,0.2,0.0,3.1284430475673553,0.9321319428781575,2.0012074990979976,0.779274720530295,1.6098953065017252,-0.5203987460237224
Big Ten,0.6666666666666666,0.0,0.05555555555555555,0.1111111111111111,0.1111111111111111,0.05555555555555555,3.4100769551822006,1.0382004917141587,2.126900071099362,1.2198639056287768,1.4713898280853248,0.026421053147995494
Independent,1.0,0.0,0.0,0.0,0.0,0.0,4.401363258543513,1.9528301886792452,1.9478647512361253,2.168260418155565,2.330188679245283,0.6132075471698113
Pac-12,0.75,0.0,0.25,0.0,0.0,0.0,3.310966971156668,1.0644941259401084,1.80394263643454,0.353404971139409,1.6312706922319065,-0.28299914075132004
SEC,0.7142857142857143,0.07142857142857142,0.07142857142857142,0.0,0.14285714285714285,0.0,3.570123180236687,0.4223376873752814,1.762006354873719,0.44885855564954763,1.251697489291526,-0.0936567348786542
